,ID,Name,LongName,Parent,Component,Path,Line,Column,EndLine,EndColumn,CD,CLOC,DLOC,LLOC,LOC,McCC,NII,NL,NLE,NOI,NOS,NUMPAR,TCD,TCLOC,TLLOC,TLOC,TNOS,WarningBlocker,WarningCritical,WarningInfo,WarningMajor,WarningMinor,Anti Pattern,Complexity Metric Rules,Coupling Metric Rules,Documentation Metric Rules,Size Metric Rules,HCPL,HDIF,HEFF,HNDB,HPL,HPV,HTRP,HVOL
0,L2583,body,tutorial001.GzipRequest.body~Fn,L2581,L103,/content/fastapi/docs_src/custom_request_and_route/tutorial001.py,9,5,15,25,0,0,0,7,7,3,0,0,0,0,6,1,0,0,7,7,6,0,0,0,0,0,0,0,0,0,0,6.754887502163469,1.0,11.60964047443681,0.0038698801581456,5,5,0.6449800263576005,11.60964047443681
1,L2589,get_route_handler,tutorial001.GzipRoute.get_route_handler~Fn,L2587,L103,/content/fastapi/docs_src/custom_request_and_route/tutorial001.py,19,5,26,35,0,0,0,3,5,1,0,0,0,0,2,1,0,0,6,8,4,0,0,0,0,0,0,0,0,0,0,0.0,0.0,0.0,0.0,0,0,0.0,0.0
2,L2603,get_route_handler,tutorial002.ValidationErrorLoggingRoute.get_route_handler~Fn,L2601,L103,/content/fastapi/docs_src/custom_request_and_route/tutorial002.py,9,5,20,35,0,0,0,3,5,1,0,0,0,0,2,1,0,0,10,12,7,0,0,0,0,0,0,0,0,0,0,0.0,0.0,0.0,0.0,0,0,0.0,0.0
3,L2617,get_route_handler,tutorial003.TimedRoute.get_route_handler~Fn,L2615,L103,/content/fastapi/docs_src/custom_request_and_route/tutorial003.py,9,5,22,35,0,0,0,3,5,1,0,0,0,0,2,1,0,0,12,14,10,0,0,0,0,0,0,0,0,0,0,2.0,0.5,2.3774437510817346,0.0015849625007211,3,3,0.1320802083934297,4.754887502163469
4,L2712,render,tutorial009c.CustomORJSONResponse.render~Fn,L2709,L103,/content/fastapi/docs_src/custom_response/tutorial009c.py,12,5,14,64,0,0,0,3,3,1,0,0,0,0,2,2,0,0,3,3,2,0,0,0,0,0,0,0,0,0,0,2.0,0.5,2.3774437510817346,0.0015849625007211,3,3,0.1320802083934297,4.754887502163469
5,L2894,__init__,tutorial002.CommonQueryParams.__init__~Fn,L2892,L103,/content/fastapi/docs_src/dependencies/tutorial002.py,12,5,15,26,0,0,0,4,4,1,0,0,0,0,3,4,0,0,4,4,3,0,0,0,0,0,0,0,0,0,0,0.0,0.0,0.0,0.0,0,0,0.0,0.0
6,L2910,__init__,tutorial002_an.CommonQueryParams.__init__~Fn,L2908,L103,/content/fastapi/docs_src/dependencies/tutorial002_an.py,13,5,16,26,0,0,0,4,4,1,0,0,0,0,3,4,0,0,4,4,3,0,0,0,0,0,0,0,0,0,0,0.0,0.0,0.0,0.0,0,0,0.0,0.0
7,L2926,__init__,tutorial002_an_py310.CommonQueryParams.__init__~Fn,L2924,L103,/content/fastapi/docs_src/dependencies/tutorial002_an_py310.py,12,5,15,26,0,0,0,4,4,1,0,0,0,0,3,4,0,0,4,4,3,0,0,0,0,0,0,0,0,0,0,0.0,0.0,0.0,0.0,0,0,0.0,0.0
8,L2942,__init__,tutorial002_an_py39.CommonQueryParams.__init__~Fn,L2940,L103,/content/fastapi/docs_src/dependencies/tutorial002_an_py39.py,12,5,15,26,0,0,0,4,4,1,0,0,0,0,3,4,0,0,4,4,3,0,0,0,0,0,0,0,0,0,0,0.0,0.0,0.0,0.0,0,0,0.0,0.0
9,L2958,__init__,tutorial002_py310.CommonQueryParams.__init__~Fn,L2956,L103,/content/fastapi/docs_src/dependencies/tutorial002_py310.py,10,5,13,26,0,0,0,4,4,1,0,0,0,0,3,4,0,0,4,4,3,0,0,0,0,0,0,0,0,0,0,0.0,0.0,0.0,0.0,0,0,0.0,0.0
10,L2974,__init__,tutorial003.CommonQueryParams.__init__~Fn,L2972,L103,/content/fastapi/docs_src/dependencies/tutorial003.py,12,5,15,26,0,0,0,4,4,1,0,0,0,0,3,4,0,0,4,4,3,0,0,0,0,0,0,0,0,0,0,0.0,0.0,0.0,0.0,0,0,0.0,0.0
11,L2990,__init__,tutorial003_an.CommonQueryParams.__init__~Fn,L2988,L103,/content/fastapi/docs_src/dependencies/tutorial003_an.py,13,5,16,26,0,0,0,4,4,1,0,0,0,0,3,4,0,0,4,4,3,0,0,0,0,0,0,0,0,0,0,0.0,0.0,0.0,0.0,0,0,0.0,0.0
12,L3006,__init__,tutorial003_an_py310.CommonQueryParams.__init__~Fn,L3004,L103,/content/fastapi/docs_src/dependencies/tutorial003_an_py310.py,12,5,15,26,0,0,0,4,4,1,0,0,0,0,3,4,0,0,4,4,3,0,0,0,0,0,0,0,0,0,0,0.0,0.0,0.0,0.0,0,0,0.0,0.0
13,L3022,__init__,tutorial003_an_py39.CommonQueryParams.__init__~Fn,L3020,L103,/content/fastapi/docs_src/dependencies/tutorial003_an_py39.py,12,5,15,26,0,0,0,4,4,1,0,0,0,0,3,4,0,0,4,4,3,0,0,0,0,0,0,0,0,0,0,0.0,0.0,0.0,0.0,0,0,0.0,0.0
14,L3038,__init__,tutorial003_py310.CommonQueryParams.__init__~Fn,L3036,L103,/content/fastapi/docs_src/dependencies/tutorial003_py310.py,10,5,13,26,0,0,0,4,4,1,0,0,0,0,3,4,0,0,4,4,3,0,0,0,0,0,0,0,0,0,0,0.0,0.0,0.0,0.0,0,0,0.0,0.0
15,L3054,__init__,tutorial004.CommonQueryParams.__init__~Fn,L3052,L103,/content/fastapi/docs_src/dependencies/tutorial004.py,12,5,15,26,0,0,0,4,4,1,0,0,0,0,3,4,0,0,4,4,3,0,0,0,0,0,0,0,0,0,0,0.0,0.0,0.0,0.0,0,0,0.0,0.0
16,L3070,__init__,tutorial004_an.CommonQueryParams.__init__~Fn,L3068,L103,/content/fastapi/docs_src/dependencies/tutorial004_an.py,13,5,16,26,0,0,0,4,4,1,0,0,0,0,3,4,0,0,4,4,3,0,0,0,0,0,0,0,0,0,0,0.0,0.0,0.0,0.0,0,0,0.0,0.0
17,L3086,__init__,tutorial004_an_py310.CommonQueryParams.__init__~Fn,L3084,L103,/content/fastapi/docs_src/dependencies/tutorial004_an_py310.py,12,5,15,26,0,0,0,4,4,1,0,0,0,0,3,4,0,0,4,4,3,0,0,0,0,0,0,0,0,0,0,0.0,0.0,0.0,0.0,0,0,0.0,0.0
18,L3102,__init__,tutorial004_an_py39.CommonQueryParams.__init__~Fn,L3100,L103,/content/fastapi/docs_src/dependencies/tutorial004_an_py39.py,12,5,15,26,0,0,0,4,4,1,0,0,0,0,3,4,0,0,4,4,3,0,0,0,0,0,0,0,0,0,0,0.0,0.0,0.0,0.0,0,0,0.0,0.0
19,L3118,__init__,tutorial004_py310.CommonQueryParams.__init__~Fn,L3116,L103,/content/fastapi/docs_src/dependencies/tutorial004_py310.py,10,5,13,26,0,0,0,4,4,1,0,0,0,0,3,4,0,0,4,4,3,0,0,0,0,0,0,0,0,0,0,0.0,0.0,0.0,0.0,0,0,0.0,0.0
20,L3250,__init__,tutorial010.MySuperContextManager.__init__~Fn,L3248,L103,/content/fastapi/docs_src/dependencies/tutorial010.py,2,5,3,29,0,0,0,2,2,1,0,0,0,0,1,1,0,0,2,2,1,0,0,0,0,0,0,0,0,0,0,0.0,0.0,0.0,0.0,0,0,0.0,0.0
21,L3254,__enter__,tutorial010.MySuperContextManager.__enter__~Fn,L3248,L103,/content/fastapi/docs_src/dependencies/tutorial010.py,5,5,6,22,0,0,0,2,2,1,0,0,0,0,1,1,0,0,2,2,1,0,0,0,0,0,0,0,0,0,0,0.0,0.0,0.0,0.0,0,0,0.0,0.0
22,L3256,__exit__,tutorial010.MySuperContextManager.__exit__~Fn,L3248,L103,/content/fastapi/docs_src/dependencies/tutorial010.py,8,5,9,23,0,0,0,2,2,1,0,0,0,0,1,4,0,0,2,2,1,0,0,0,0,0,0,0,0,0,0,0.0,0.0,0.0,0.0,0,0,0.0,0.0
23,L3268,__init__,tutorial011.FixedContentQueryChecker.__init__~Fn,L3266,L103,/content/fastapi/docs_src/dependencies/tutorial011.py,7,5,8,42,0,0,0,2,2,1,0,0,0,0,1,2,0,0,2,2,1,0,0,0,0,0,0,0,0,0,0,0.0,0.0,0.0,0.0,0,0,0.0,0.0
24,L3273,__call__,tutorial011.FixedContentQueryChecker.__call__~Fn,L3266,L103,/content/fastapi/docs_src/dependencies/tutorial011.py,10,5,13,20,0,0,0,4,4,2,0,0,0,0,3,2,0,0,4,4,3,0,0,0,0,0,0,0,0,0,0,2.0,0.5,2.3774437510817346,0.0015849625007211,3,3,0.1320802083934297,4.754887502163469
25,L3285,__init__,tutorial011_an.FixedContentQueryChecker.__init__~Fn,L3283,L103,/content/fastapi/docs_src/dependencies/tutorial011_an.py,8,5,9,42,0,0,0,2,2,1,0,0,0,0,1,2,0,0,2,2,1,0,0,0,0,0,0,0,0,0,0,0.0,0.0,0.0,0.0,0,0,0.0,0.0
26,L3290,__call__,tutorial011_an.FixedContentQueryChecker.__call__~Fn,L3283,L103,/content/fastapi/docs_src/dependencies/tutorial011_an.py,11,5,14,20,0,0,0,4,4,2,0,0,0,0,3,2,0,0,4,4,3,0,0,0,0,0,0,0,0,0,0,2.0,0.5,2.3774437510817346,0.0015849625007211,3,3,0.1320802083934297,4.754887502163469
27,L3302,__init__,tutorial011_an_py39.FixedContentQueryChecker.__init__~Fn,L3300,L103,/content/fastapi/docs_src/dependencies/tutorial011_an_py39.py,9,5,10,42,0,0,0,2,2,1,0,0,0,0,1,2,0,0,2,2,1,0,0,0,0,0,0,0,0,0,0,0.0,0.0,0.0,0.0,0,0,0.0,0.0
28,L3307,__call__,tutorial011_an_py39.FixedContentQueryChecker.__call__~Fn,L3300,L103,/content/fastapi/docs_src/dependencies/tutorial011_an_py39.py,12,5,15,20,0,0,0,4,4,2,0,0,0,0,3,2,0,0,4,4,3,0,0,0,0,0,0,0,0,0,0,2.0,0.5,2.3774437510817346,0.0015849625007211,3,3,0.1320802083934297,4.754887502163469
29,L3975,user,tutorial001.Query.user~Fn,L3973,L103,/content/fastapi/docs_src/graphql/tutorial001.py,14,5,16,44,0,0,0,3,3,1,0,0,0,0,1,1,0,0,3,3,1,0,0,0,0,0,0,0,0,0,0,0.0,0.0,0.0,0.0,0,0,0.0,0.0
30,L4007,__init__,tutorial003.UnicornException.__init__~Fn,L4005,L103,/content/fastapi/docs_src/handling_errors/tutorial003.py,6,5,7,24,0,0,0,2,2,1,0,0,0,0,1,2,0,0,2,2,1,0,0,0,0,0,0,0,0,0,0,0.0,0.0,0.0,0.0,0,0,0.0,0.0
31,L4924,__init__,tutorial010.Person.__init__~Fn,L4922,L103,/content/fastapi/docs_src/python_types/tutorial010.py,2,5,3,24,0,0,0,2,2,1,0,0,0,0,1,2,0,0,2,2,1,0,0,0,0,0,0,0,0,0,0,0.0,0.0,0.0,0.0,0,0,0.0,0.0
32,L8363,__init__,database.PeeweeConnectionState.__init__~Fn,L8361,L103,/content/fastapi/docs_src/sql_databases_peewee/sql_app/database.py,11,5,13,34,0,0,0,3,3,1,0,0,0,0,2,2,0,0,3,3,2,0,0,0,0,0,0,0,0,0,0,0.0,0.0,0.0,0.0,0,0,0.0,0.0
33,L8368,__setattr__,database.PeeweeConnectionState.__setattr__~Fn,L8361,L103,/content/fastapi/docs_src/sql_databases_peewee/sql_app/database.py,15,5,16,39,0,0,0,2,2,1,0,0,0,0,1,3,0,0,2,2,1,0,0,0,0,0,0,0,0,0,0,0.0,0.0,0.0,0.0,0,0,0.0,0.0
34,L8372,__getattr__,database.PeeweeConnectionState.__getattr__~Fn,L8361,L103,/content/fastapi/docs_src/sql_databases_peewee/sql_app/database.py,18,5,19,38,0,0,0,2,2,1,0,0,0,0,1,2,0,0,2,2,1,0,0,0,0,0,0,0,0,0,0,0.0,0.0,0.0,0.0,0,0,0.0,0.0
35,L8426,get,schemas.PeeweeGetterDict.get~Fn,L8424,L103,/content/fastapi/docs_src/sql_databases_peewee/sql_app/schemas.py,9,5,13,18,0,0,0,5,5,2,0,0,0,0,4,3,0,0,5,5,4,0,0,0,0,0,0,0,0,0,0,0.0,0.0,0.0,0.0,0,0,0.0,0.0
36,L8609,__init__,tutorial003.ConnectionManager.__init__~Fn,L8607,L103,/content/fastapi/docs_src/websockets/tutorial003.py,47,5,48,53,0,0,0,2,2,1,0,0,0,0,1,1,0,0,2,2,1,0,0,0,0,0,0,0,0,0,0,0.0,0.0,0.0,0.0,0,0,0.0,0.0
37,L8613,connect,tutorial003.ConnectionManager.connect~Fn,L8607,L103,/content/fastapi/docs_src/websockets/tutorial003.py,50,5,52,49,0,0,0,3,3,1,0,0,0,0,2,2,0,0,3,3,2,0,0,0,0,0,0,0,0,0,0,0.0,0.0,0.0,0.0,0,0,0.0,0.0
38,L8616,disconnect,tutorial003.ConnectionManager.disconnect~Fn,L8607,L103,/content/fastapi/docs_src/websockets/tutorial003.py,54,5,55,49,0,0,0,2,2,1,0,0,0,0,1,2,0,0,2,2,1,0,0,0,0,0,0,0,0,0,0,0.0,0.0,0.0,0.0,0,0,0.0,0.0
39,L8619,send_personal_message,tutorial003.ConnectionManager.send_personal_message~Fn,L8607,L103,/content/fastapi/docs_src/websockets/tutorial003.py,57,5,58,42,0,0,0,2,2,1,0,0,0,0,1,3,0,0,2,2,1,0,0,0,0,0,0,0,0,0,0,0.0,0.0,0.0,0.0,0,0,0.0,0.0
40,L8623,broadcast,tutorial003.ConnectionManager.broadcast~Fn,L8607,L103,/content/fastapi/docs_src/websockets/tutorial003.py,60,5,62,47,0,0,0,3,3,2,0,0,0,0,2,2,0,0,3,3,2,0,0,0,0,0,0,0,0,0,0,0.0,0.0,0.0,0.0,0,0,0.0,0.0
41,L8642,__init__,tutorial003_py39.ConnectionManager.__init__~Fn,L8640,L103,/content/fastapi/docs_src/websockets/tutorial003_py39.py,45,5,46,53,0,0,0,2,2,1,0,0,0,0,1,1,0,0,2,2,1,0,0,0,0,0,0,0,0,0,0,0.0,0.0,0.0,0.0,0,0,0.0,0.0
42,L8646,connect,tutorial003_py39.ConnectionManager.connect~Fn,L8640,L103,/content/fastapi/docs_src/websockets/tutorial003_py39.py,48,5,50,49,0,0,0,3,3,1,0,0,0,0,2,2,0,0,3,3,2,0,0,0,0,0,0,0,0,0,0,0.0,0.0,0.0,0.0,0,0,0.0,0.0
43,L8649,disconnect,tutorial003_py39.ConnectionManager.disconnect~Fn,L8640,L103,/content/fastapi/docs_src/websockets/tutorial003_py39.py,52,5,53,49,0,0,0,2,2,1,0,0,0,0,1,2,0,0,2,2,1,0,0,0,0,0,0,0,0,0,0,0.0,0.0,0.0,0.0,0,0,0.0,0.0
44,L8652,send_personal_message,tutorial003_py39.ConnectionManager.send_personal_message~Fn,L8640,L103,/content/fastapi/docs_src/websockets/tutorial003_py39.py,55,5,56,42,0,0,0,2,2,1,0,0,0,0,1,3,0,0,2,2,1,0,0,0,0,0,0,0,0,0,0,0.0,0.0,0.0,0.0,0,0,0.0,0.0
45,L8656,broadcast,tutorial003_py39.ConnectionManager.broadcast~Fn,L8640,L103,/content/fastapi/docs_src/websockets/tutorial003_py39.py,58,5,60,47,0,0,0,3,3,2,0,0,0,0,2,2,0,0,3,3,2,0,0,0,0,0,0,0,0,0,0,0.0,0.0,0.0,0.0,0,0,0.0,0.0
46,L8703,alias,_compat.ModelField.alias~Fn,L8698,L103,/content/fastapi/fastapi/_compat.py,89,9,92,52,0,0,0,4,4,2,0,0,0,0,2,1,0,0,4,4,2,0,0,0,0,0,0,0,0,0,0,2.0,0.5,2.3774437510817346,0.0015849625007211,3,3,0.1320802083934297,4.754887502163469
47,L8707,required,_compat.ModelField.required~Fn,L8698,L103,/content/fastapi/fastapi/_compat.py,94,9,96,48,0,0,0,3,3,1,0,0,0,0,1,1,0,0,3,3,1,0,0,0,0,0,0,0,0,0,0,0.0,0.0,0.0,0.0,0,0,0.0,0.0
48,L8709,default,_compat.ModelField.default~Fn,L8698,L103,/content/fastapi/fastapi/_compat.py,98,9,100,37,0,0,0,3,3,1,0,0,0,1,1,1,0,0,3,3,1,0,0,0,0,0,0,0,0,0,0,0.0,0.0,0.0,0.0,0,0,0.0,0.0
49,L8713,type_,_compat.ModelField.type_~Fn,L8698,L103,/content/fastapi/fastapi/_compat.py,102,9,104,45,0,0,0,3,3,1,0,0,0,0,1,1,0,0,3,3,1,0,0,0,0,0,0,0,0,0,0,0.0,0.0,0.0,0.0,0,0,0.0,0.0
50,L8715,__post_init__,_compat.ModelField.__post_init__~Fn,L8698,L103,/content/fastapi/fastapi/_compat.py,106,9,109,13,0,0,0,4,4,1,0,0,0,0,1,1,0,0,4,4,1,0,0,0,0,0,0,0,0,0,0,0.0,0.0,0.0,0.0,0,0,0.0,0.0
51,L8711,get_default,_compat.ModelField.get_default~Fn,L8698,L103,/content/fastapi/fastapi/_compat.py,111,9,114,73,0,0,0,4,4,2,0,0,0,0,3,1,0,0,4,4,3,0,0,0,0,0,0,0,0,0,0,0.0,0.0,0.0,0.0,0,0,0.0,0.0
52,L8718,validate,_compat.ModelField.validate~Fn,L8698,L103,/content/fastapi/fastapi/_compat.py,116,9,131,17,0,1,0,16,16,2,0,0,0,1,3,4,0,1,16,16,3,0,0,0,0,0,0,0,0,0,0,0.0,0.0,0.0,0.0,0,0,0.0,0.0
53,L8725,serialize,_compat.ModelField.serialize~Fn,L8698,L103,/content/fastapi/fastapi/_compat.py,133,9,156,13,0,2,0,22,24,1,0,0,0,0,1,9,0,2,22,24,1,0,0,1,0,0,1,0,0,0,1,0.0,0.0,0.0,0.0,0,0,0.0,0.0
54,L8735,__hash__,_compat.ModelField.__hash__~Fn,L8698,L103,/content/fastapi/fastapi/_compat.py,158,9,161,27,0,2,0,2,4,1,0,0,0,0,1,1,0,2,2,4,1,0,0,0,0,0,0,0,0,0,0,0.0,0.0,0.0,0.0,0,0,0.0,0.0
55,L8898,__init__,applications.FastAPI.__init__~Fn,L8896,L103,/content/fastapi/fastapi/applications.py,51,5,166,20,0,3,0,113,116,8,0,0,0,1,38,37,0,3,113,116,38,0,0,4,0,0,2,0,0,0,4,30.529325012980813,1.1111111111111112,57.65719364395497,0.0172971580931864,15,11,3.203177424664165,51.89147427955947
56,L8940,build_middleware_stack,applications.FastAPI.build_middleware_stack~Fn,L8896,L103,/content/fastapi/fastapi/applications.py,168,5,215,18,0,22,0,23,48,4,0,0,0,0,12,1,0,22,23,48,12,0,0,0,0,0,0,0,0,0,0,17.509775004326936,1.0,27.0,0.009,9,8,1.5,27.0
57,L8942,openapi,applications.FastAPI.openapi~Fn,L8896,L103,/content/fastapi/fastapi/applications.py,217,5,234,34,0,0,0,18,18,2,0,0,0,0,3,1,0,0,18,18,3,0,0,0,0,0,0,0,0,0,0,0.0,0.5,1.0,0.0006666666666666,2,2,0.0555555555555555,2.0
58,L8938,setup,applications.FastAPI.setup~Fn,L8896,L103,/content/fastapi/fastapi/applications.py,236,5,287,79,0,0,0,15,24,7,0,0,0,0,10,1,0,0,43,52,26,0,0,0,0,0,0,0,0,0,0,63.35824643629125,1.8,202.6583550700964,0.0375293250129808,27,18,11.258797503894243,112.58797503894245
59,L8953,__call__,applications.FastAPI.__call__~Fn,L8896,L103,/content/fastapi/fastapi/applications.py,289,5,292,52,0,0,0,4,4,2,0,0,0,0,3,4,0,0,4,4,3,0,0,0,0,0,0,0,0,0,0,0.0,0.0,0.0,0.0,0,0,0.0,0.0
60,L8958,add_api_route,applications.FastAPI.add_api_route~Fn,L8896,L103,/content/fastapi/fastapi/applications.py,294,5,351,9,0,0,0,58,58,1,0,0,0,0,1,25,0,0,58,58,1,0,0,1,0,0,1,0,0,0,1,0.0,0.0,0.0,0.0,0,0,0.0,0.0
61,L8984,api_route,applications.FastAPI.api_route~Fn,L8896,L103,/content/fastapi/fastapi/applications.py,353,5,411,24,0,0,0,30,31,1,0,0,0,0,1,24,0,0,58,59,3,0,0,1,0,0,1,0,0,0,1,0.0,0.0,0.0,0.0,0,0,0.0,0.0
62,L9011,add_api_websocket_route,applications.FastAPI.add_api_websocket_route~Fn,L8896,L103,/content/fastapi/fastapi/applications.py,413,5,426,9,0,0,0,14,14,1,0,0,0,0,1,5,0,0,14,14,1,0,0,0,0,0,0,0,0,0,0,0.0,0.0,0.0,0.0,0,0,0.0,0.0
63,L9017,websocket,applications.FastAPI.websocket~Fn,L8896,L103,/content/fastapi/fastapi/applications.py,428,5,444,24,0,0,0,8,9,1,0,0,0,0,1,4,0,0,16,17,3,0,0,0,0,0,0,0,0,0,0,0.0,0.0,0.0,0.0,0,0,0.0,0.0
64,L9025,include_router,applications.FastAPI.include_router~Fn,L8896,L103,/content/fastapi/fastapi/applications.py,446,5,473,9,0,0,0,28,28,1,0,0,0,0,1,11,0,0,28,28,1,0,0,1,0,0,1,0,0,0,1,0.0,0.0,0.0,0.0,0,0,0.0,0.0
65,L9037,get,applications.FastAPI.get~Fn,L8896,L103,/content/fastapi/fastapi/applications.py,475,5,528,9,0,0,0,54,54,1,0,0,0,0,1,24,0,0,54,54,1,0,0,1,0,0,1,0,0,0,1,0.0,0.0,0.0,0.0,0,0,0.0,0.0
66,L9062,put,applications.FastAPI.put~Fn,L8896,L103,/content/fastapi/fastapi/applications.py,530,5,583,9,0,0,0,54,54,1,0,0,0,0,1,24,0,0,54,54,1,0,0,1,0,0,1,0,0,0,1,0.0,0.0,0.0,0.0,0,0,0.0,0.0
67,L9087,post,applications.FastAPI.post~Fn,L8896,L103,/content/fastapi/fastapi/applications.py,585,5,638,9,0,0,0,54,54,1,0,0,0,0,1,24,0,0,54,54,1,0,0,1,0,0,1,0,0,0,1,0.0,0.0,0.0,0.0,0,0,0.0,0.0
68,L9112,delete,applications.FastAPI.delete~Fn,L8896,L103,/content/fastapi/fastapi/applications.py,640,5,693,9,0,0,0,54,54,1,0,0,0,0,1,24,0,0,54,54,1,0,0,1,0,0,1,0,0,0,1,0.0,0.0,0.0,0.0,0,0,0.0,0.0
69,L9137,options,applications.FastAPI.options~Fn,L8896,L103,/content/fastapi/fastapi/applications.py,695,5,748,9,0,0,0,54,54,1,0,0,0,0,1,24,0,0,54,54,1,0,0,1,0,0,1,0,0,0,1,0.0,0.0,0.0,0.0,0,0,0.0,0.0
70,L9162,head,applications.FastAPI.head~Fn,L8896,L103,/content/fastapi/fastapi/applications.py,750,5,803,9,0,0,0,54,54,1,0,0,0,0,1,24,0,0,54,54,1,0,0,1,0,0,1,0,0,0,1,0.0,0.0,0.0,0.0,0,0,0.0,0.0
71,L9187,patch,applications.FastAPI.patch~Fn,L8896,L103,/content/fastapi/fastapi/applications.py,805,5,858,9,0,0,0,54,54,1,0,0,0,0,1,24,0,0,54,54,1,0,0,1,0,0,1,0,0,0,1,0.0,0.0,0.0,0.0,0,0,0.0,0.0
72,L9212,trace,applications.FastAPI.trace~Fn,L8896,L103,/content/fastapi/fastapi/applications.py,860,5,913,9,0,0,0,54,54,1,0,0,0,0,1,24,0,0,54,54,1,0,0,1,0,0,1,0,0,0,1,0.0,0.0,0.0,0.0,0,0,0.0,0.0
73,L9237,websocket_route,applications.FastAPI.websocket_route~Fn,L8896,L103,/content/fastapi/fastapi/applications.py,915,5,922,24,0,0,0,4,5,1,0,0,0,0,1,3,0,0,7,8,3,0,0,0,0,0,0,0,0,0,0,0.0,0.0,0.0,0.0,0,0,0.0,0.0
74,L9243,on_event,applications.FastAPI.on_event~Fn,L8896,L103,/content/fastapi/fastapi/applications.py,924,5,927,47,0,0,0,4,4,1,0,0,0,0,1,2,0,0,4,4,1,0,0,0,0,0,0,0,0,0,0,0.0,0.0,0.0,0.0,0,0,0.0,0.0
75,L9246,middleware,applications.FastAPI.middleware~Fn,L8896,L103,/content/fastapi/fastapi/applications.py,929,5,936,24,0,0,0,4,5,1,0,0,0,0,1,2,0,0,7,8,3,0,0,0,0,0,0,0,0,0,0,0.0,0.0,0.0,0.0,0,0,0.0,0.0
76,L9251,exception_handler,applications.FastAPI.exception_handler~Fn,L8896,L103,/content/fastapi/fastapi/applications.py,938,5,945,24,0,0,0,4,5,1,0,0,0,0,1,2,0,0,7,8,3,0,0,0,0,0,0,0,0,0,0,0.0,0.0,0.0,0.0,0,0,0.0,0.0
77,L9270,__get_validators__,datastructures.UploadFile.__get_validators__~Fn,L9268,L103,/content/fastapi/fastapi/datastructures.py,20,5,22,26,0,0,0,3,3,1,0,0,0,0,1,1,0,0,3,3,1,0,0,0,0,0,0,0,0,0,0,0.0,0.0,0.0,0.0,0,0,0.0,0.0
78,L9272,validate,datastructures.UploadFile.validate~Fn,L9268,L103,/content/fastapi/fastapi/datastructures.py,24,5,28,16,0,0,0,5,5,2,0,0,0,0,3,2,0,0,5,5,3,0,0,0,0,0,0,0,0,0,0,0.0,0.5,1.0,0.0006666666666666,2,2,0.0555555555555555,2.0
79,L9275,_validate,datastructures.UploadFile._validate~Fn,L9268,L103,/content/fastapi/fastapi/datastructures.py,30,5,34,46,0,0,0,5,5,2,0,0,0,0,3,3,0,0,5,5,3,0,0,0,0,0,0,0,0,0,0,0.0,0.5,1.0,0.0006666666666666,2,2,0.0555555555555555,2.0
80,L9279,__modify_schema__,datastructures.UploadFile.__modify_schema__~Fn,L9268,L103,/content/fastapi/fastapi/datastructures.py,38,9,40,71,0,0,0,3,3,1,0,0,0,0,1,2,0,0,3,3,1,0,0,0,0,0,0,0,0,0,0,0.0,0.0,0.0,0.0,0,0,0.0,0.0
81,L9282,__get_pydantic_json_schema__,datastructures.UploadFile.__get_pydantic_json_schema__~Fn,L9268,L103,/content/fastapi/fastapi/datastructures.py,42,5,46,53,0,0,0,5,5,1,0,0,0,0,1,3,0,0,5,5,1,0,0,0,0,0,0,0,0,0,0,0.0,0.0,0.0,0.0,0,0,0.0,0.0
82,L9286,__get_pydantic_core_schema__,datastructures.UploadFile.__get_pydantic_core_schema__~Fn,L9268,L103,/content/fastapi/fastapi/datastructures.py,48,5,52,64,0,0,0,5,5,1,0,0,0,0,1,3,0,0,5,5,1,0,0,0,0,0,0,0,0,0,0,0.0,0.0,0.0,0.0,0,0,0.0,0.0
83,L9293,__init__,datastructures.DefaultPlaceholder.__init__~Fn,L9290,L103,/content/fastapi/fastapi/datastructures.py,63,5,64,26,0,0,0,2,2,1,0,0,0,0,1,2,0,0,2,2,1,0,0,0,0,0,0,0,0,0,0,0.0,0.0,0.0,0.0,0,0,0.0,0.0
84,L9298,__bool__,datastructures.DefaultPlaceholder.__bool__~Fn,L9290,L103,/content/fastapi/fastapi/datastructures.py,66,5,67,31,0,0,0,2,2,1,0,0,0,0,1,1,0,0,2,2,1,0,0,0,0,0,0,0,0,0,0,0.0,0.0,0.0,0.0,0,0,0.0,0.0
85,L9300,__eq__,datastructures.DefaultPlaceholder.__eq__~Fn,L9290,L103,/content/fastapi/fastapi/datastructures.py,69,5,70,74,0,0,0,2,2,2,0,0,0,0,1,2,0,0,2,2,1,0,0,0,0,0,0,0,0,0,0,6.754887502163469,1.3333333333333333,18.575424759098897,0.0046438561897747,6,5,1.0319680421721609,13.931568569324174
86,L9316,__init__,models.SecurityRequirement.__init__~Fn,L9314,L103,/content/fastapi/fastapi/dependencies/models.py,8,5,12,28,0,0,0,5,5,1,0,0,0,0,2,3,0,0,5,5,2,0,0,0,0,0,0,0,0,0,0,64.0,0.5,49.04955409500408,0.0326997027300027,24,17,2.724975227500227,98.09910819000817
87,L9324,__init__,models.Dependant.__init__~Fn,L9322,L103,/content/fastapi/fastapi/dependencies/models.py,16,5,58,84,0,2,0,41,43,9,0,0,0,0,19,19,0,2,41,43,19,0,0,1,0,0,1,0,0,0,1,64.0,0.5,49.04955409500408,0.0326997027300027,24,17,2.724975227500227,98.09910819000817
88,L9490,__init__,exceptions.HTTPException.__init__~Fn,L9488,L103,/content/fastapi/fastapi/exceptions.py,9,5,15,81,0,0,0,7,7,1,0,0,0,0,1,4,0,0,7,7,1,0,0,0,0,0,0,0,0,0,0,0.0,0.0,0.0,0.0,0,0,0.0,0.0
89,L9504,__init__,exceptions.ValidationException.__init__~Fn,L9502,L103,/content/fastapi/fastapi/exceptions.py,29,5,30,29,0,0,0,2,2,1,0,0,0,0,1,2,0,0,2,2,1,0,0,0,0,0,0,0,0,0,0,0.0,0.0,0.0,0.0,0,0,0.0,0.0
90,L9509,errors,exceptions.ValidationException.errors~Fn,L9502,L103,/content/fastapi/fastapi/exceptions.py,32,5,33,27,0,0,0,2,2,1,0,0,0,0,1,1,0,0,2,2,1,0,0,0,0,0,0,0,0,0,0,0.0,0.0,0.0,0.0,0,0,0.0,0.0
91,L9513,__init__,exceptions.RequestValidationError.__init__~Fn,L9511,L103,/content/fastapi/fastapi/exceptions.py,37,5,39,24,0,0,0,3,3,1,0,0,0,0,2,3,0,0,3,3,2,0,0,0,0,0,0,0,0,0,0,0.0,0.0,0.0,0.0,0,0,0.0,0.0
92,L9523,__init__,exceptions.ResponseValidationError.__init__~Fn,L9521,L103,/content/fastapi/fastapi/exceptions.py,47,5,49,24,0,0,0,3,3,1,0,0,0,0,2,3,0,0,3,3,2,0,0,0,0,0,0,0,0,0,0,0.0,0.0,0.0,0.0,0,0,0.0,0.0
93,L9529,__str__,exceptions.ResponseValidationError.__str__~Fn,L9521,L103,/content/fastapi/fastapi/exceptions.py,51,5,55,22,0,0,0,5,5,2,0,0,0,0,4,1,0,0,5,5,4,0,0,0,0,0,0,0,0,0,0,2.0,0.5,2.3774437510817346,0.0015849625007211,3,3,0.1320802083934297,4.754887502163469
94,L9544,__init__,asyncexitstack.AsyncExitStackMiddleware.__init__~Fn,L9542,L103,/content/fastapi/fastapi/middleware/asyncexitstack.py,8,5,10,40,0,0,0,3,3,1,0,0,0,0,2,3,0,0,3,3,2,0,0,0,0,0,0,0,0,0,0,0.0,0.0,0.0,0.0,0,0,0.0,0.0
95,L9550,__call__,asyncexitstack.AsyncExitStackMiddleware.__call__~Fn,L9542,L103,/content/fastapi/fastapi/middleware/asyncexitstack.py,12,5,25,38,0,3,0,11,14,3,0,0,0,0,9,4,0,3,11,14,9,0,0,0,0,0,0,0,0,0,0,0.0,0.0,0.0,0.0,0,0,0.0,0.0
96,L9605,__get_validators__,models.EmailStr.__get_validators__~Fn,L9603,L103,/content/fastapi/fastapi/openapi/models.py,25,9,27,30,0,0,0,3,3,1,0,0,0,0,1,1,0,0,3,3,1,0,0,0,0,0,0,0,0,0,0,0.0,0.0,0.0,0.0,0,0,0.0,0.0
97,L9607,validate,models.EmailStr.validate~Fn,L9603,L103,/content/fastapi/fastapi/openapi/models.py,29,9,35,25,0,0,0,7,7,1,0,0,0,0,2,2,0,0,7,7,2,0,0,0,0,0,0,0,0,0,0,0.0,0.0,0.0,0.0,0,0,0.0,0.0
98,L9610,_validate,models.EmailStr._validate~Fn,L9603,L103,/content/fastapi/fastapi/openapi/models.py,37,9,43,37,0,0,0,7,7,1,0,0,0,0,2,3,0,0,7,7,2,0,0,0,0,0,0,0,0,0,0,0.0,0.0,0.0,0.0,0,0,0.0,0.0
99,L9614,__get_pydantic_json_schema__,models.EmailStr.__get_pydantic_json_schema__~Fn,L9603,L103,/content/fastapi/fastapi/openapi/models.py,45,9,49,56,0,0,0,5,5,1,0,0,0,0,1,3,0,0,5,5,1,0,0,0,0,0,0,0,0,0,0,0.0,0.0,0.0,0.0,0,0,0.0,0.0
100,L9618,__get_pydantic_core_schema__,models.EmailStr.__get_pydantic_core_schema__~Fn,L9603,L103,/content/fastapi/fastapi/openapi/models.py,51,9,55,68,0,0,0,5,5,1,0,0,0,0,1,3,0,0,5,5,1,0,0,0,0,0,0,0,0,0,0,0.0,0.0,0.0,0.0,0,0,0.0,0.0
101,L10326,__init__,params.Param.__init__~Fn,L10323,L103,/content/fastapi/fastapi/params.py,24,5,126,38,0,2,0,100,103,8,0,0,0,0,19,31,0,2,100,103,19,0,0,3,0,0,2,0,0,0,3,2.0,0.5,2.3774437510817346,0.0015849625007211,3,3,0.1320802083934297,4.754887502163469
102,L10360,__repr__,params.Param.__repr__~Fn,L10323,L103,/content/fastapi/fastapi/params.py,128,5,129,59,0,0,0,2,2,1,0,0,0,0,1,1,0,0,2,2,1,0,0,0,0,0,0,0,0,0,0,0.0,0.0,0.0,0.0,0,0,0.0,0.0
103,L10365,__init__,params.Path.__init__~Fn,L10362,L103,/content/fastapi/fastapi/params.py,135,5,215,9,0,2,0,79,81,1,0,0,0,0,3,31,0,2,79,81,3,0,0,2,0,0,1,0,0,0,2,2.0,0.5,2.3774437510817346,0.0015849625007211,3,3,0.1320802083934297,4.754887502163469
104,L10404,__init__,params.Query.__init__~Fn,L10401,L103,/content/fastapi/fastapi/params.py,221,5,299,9,0,2,0,77,79,1,0,0,0,0,1,31,0,2,77,79,1,0,0,2,0,0,1,0,0,0,2,2.0,0.5,2.3774437510817346,0.0015849625007211,3,3,0.1320802083934297,4.754887502163469
105,L10442,__init__,params.Header.__init__~Fn,L10439,L103,/content/fastapi/fastapi/params.py,305,5,385,9,0,2,0,79,81,1,0,0,0,0,2,32,0,2,79,81,2,0,0,2,0,0,1,0,0,0,2,2.0,0.5,2.3774437510817346,0.0015849625007211,3,3,0.1320802083934297,4.754887502163469
106,L10481,__init__,params.Cookie.__init__~Fn,L10478,L103,/content/fastapi/fastapi/params.py,391,5,469,9,0,2,0,77,79,1,0,0,0,0,1,31,0,2,77,79,1,0,0,2,0,0,1,0,0,0,2,2.0,0.5,2.3774437510817346,0.0015849625007211,3,3,0.1320802083934297,4.754887502163469
107,L10518,__init__,params.Body.__init__~Fn,L10516,L103,/content/fastapi/fastapi/params.py,473,5,580,38,0,2,0,104,108,8,0,0,0,0,21,33,0,2,104,108,21,0,0,3,0,0,2,0,0,0,3,2.0,0.5,2.3774437510817346,0.0015849625007211,3,3,0.1320802083934297,4.754887502163469
108,L10554,__repr__,params.Body.__repr__~Fn,L10516,L103,/content/fastapi/fastapi/params.py,582,5,583,59,0,0,0,2,2,1,0,0,0,0,1,1,0,0,2,2,1,0,0,0,0,0,0,0,0,0,0,0.0,0.0,0.0,0.0,0,0,0.0,0.0
109,L10558,__init__,params.Form.__init__~Fn,L10556,L103,/content/fastapi/fastapi/params.py,587,5,668,9,0,2,0,80,82,1,0,0,0,0,1,32,0,2,80,82,1,0,0,2,0,0,2,0,0,0,2,2.0,0.5,2.3774437510817346,0.0015849625007211,3,3,0.1320802083934297,4.754887502163469
110,L10595,__init__,params.File.__init__~Fn,L10593,L103,/content/fastapi/fastapi/params.py,672,5,752,9,0,2,0,79,81,1,0,0,0,0,1,32,0,2,79,81,1,0,0,2,0,0,1,0,0,0,2,2.0,0.5,2.3774437510817346,0.0015849625007211,3,3,0.1320802083934297,4.754887502163469
111,L10632,__init__,params.Depends.__init__~Fn,L10630,L103,/content/fastapi/fastapi/params.py,756,5,760,34,0,0,0,5,5,1,0,0,0,0,2,3,0,0,5,5,2,0,0,0,0,0,0,0,0,0,0,2.0,0.5,2.3774437510817346,0.0015849625007211,3,3,0.1320802083934297,4.754887502163469
112,L10638,__repr__,params.Depends.__repr__~Fn,L10630,L103,/content/fastapi/fastapi/params.py,762,5,765,58,0,0,0,4,4,2,0,0,0,0,3,1,0,0,4,4,3,0,0,0,0,0,0,0,0,0,0,0.0,0.0,0.0,0.0,0,0,0.0,0.0
113,L10642,__init__,params.Security.__init__~Fn,L10640,L103,/content/fastapi/fastapi/params.py,769,5,777,34,0,0,0,9,9,2,0,0,0,0,2,4,0,0,9,9,2,0,0,0,0,0,0,0,0,0,0,2.0,0.5,2.3774437510817346,0.0015849625007211,3,3,0.1320802083934297,4.754887502163469
114,L10659,render,responses.UJSONResponse.render~Fn,L10657,L103,/content/fastapi/fastapi/responses.py,24,5,26,71,0,0,0,3,3,1,0,0,0,0,2,2,0,0,3,3,2,0,0,0,0,0,0,0,0,0,0,10.0,1.0,15.509775004326936,0.0051699250014423,6,6,0.861654166907052,15.509775004326936
115,L10666,render,responses.ORJSONResponse.render~Fn,L10664,L103,/content/fastapi/fastapi/responses.py,30,5,34,9,0,0,0,5,5,1,0,0,0,0,2,2,0,0,5,5,2,0,0,0,0,0,0,0,0,0,0,10.0,1.0,15.509775004326936,0.0051699250014423,6,6,0.861654166907052,15.509775004326936
116,L10718,__init__,routing.APIWebSocketRoute.__init__~Fn,L10716,L103,/content/fastapi/fastapi/routing.py,330,5,356,9,0,0,0,26,27,4,0,0,0,1,9,6,0,0,26,27,9,0,0,1,0,0,0,0,0,0,1,30.529325012980813,1.0,48.43204266092217,0.0161440142203073,14,11,2.6906690367178983,48.43204266092217
117,L10728,matches,routing.APIWebSocketRoute.matches~Fn,L10716,L103,/content/fastapi/fastapi/routing.py,358,5,362,33,0,0,0,5,5,2,0,0,0,0,4,2,0,0,5,5,4,0,0,0,0,0,0,0,0,0,0,2.0,0.5,2.3774437510817346,0.0015849625007211,3,3,0.1320802083934297,4.754887502163469
118,L10733,__init__,routing.APIRoute.__init__~Fn,L10731,L103,/content/fastapi/fastapi/routing.py,366,5,496,61,0,12,0,119,131,18,0,0,0,1,66,27,0,12,119,131,66,0,0,5,0,0,2,1,0,0,4,30.529325012980813,1.0,48.43204266092217,0.0161440142203073,14,11,2.6906690367178983,48.43204266092217
119,L10763,get_route_handler,routing.APIRoute.get_route_handler~Fn,L10731,L103,/content/fastapi/fastapi/routing.py,498,5,512,9,0,0,0,15,15,1,0,0,0,1,1,1,0,0,15,15,1,0,0,0,0,0,0,0,0,0,0,0.0,0.0,0.0,0.0,0,0,0.0,0.0
120,L10767,matches,routing.APIRoute.matches~Fn,L10731,L103,/content/fastapi/fastapi/routing.py,514,5,518,33,0,0,0,5,5,2,0,0,0,0,4,2,0,0,5,5,4,0,0,0,0,0,0,0,0,0,0,2.0,0.5,2.3774437510817346,0.0015849625007211,3,3,0.1320802083934297,4.754887502163469
121,L10772,__init__,routing.APIRouter.__init__~Fn,L10770,L103,/content/fastapi/fastapi/routing.py,522,5,570,70,0,2,0,47,49,6,0,0,0,0,15,18,0,2,47,49,15,0,0,1,0,0,1,0,0,0,1,30.529325012980813,1.0,48.43204266092217,0.0161440142203073,14,11,2.6906690367178983,48.43204266092217
122,L10793,route,routing.APIRouter.route~Fn,L10770,L103,/content/fastapi/fastapi/routing.py,572,5,589,24,0,0,0,8,9,1,0,0,0,0,1,5,0,0,17,18,3,0,0,0,0,0,0,0,0,0,0,0.0,0.0,0.0,0.0,0,0,0.0,0.0
123,L10801,add_api_route,routing.APIRouter.add_api_route~Fn,L10770,L103,/content/fastapi/fastapi/routing.py,591,5,671,33,0,0,0,81,81,8,0,0,0,0,16,27,0,0,81,81,16,0,0,2,0,0,2,0,0,0,2,28.75488750216347,1.875,97.296514274174,0.0172971580931864,15,11,5.405361904120777,51.89147427955947
124,L10829,api_route,routing.APIRouter.api_route~Fn,L10770,L103,/content/fastapi/fastapi/routing.py,673,5,733,24,0,0,0,31,32,1,0,0,0,0,1,25,0,0,60,61,3,0,0,1,0,0,1,0,0,0,1,0.0,0.0,0.0,0.0,0,0,0.0,0.0
125,L10858,add_api_websocket_route,routing.APIRouter.add_api_websocket_route~Fn,L10770,L103,/content/fastapi/fastapi/routing.py,735,5,754,33,0,0,0,19,20,2,0,0,0,0,5,5,0,0,19,20,5,0,0,0,0,0,0,0,0,0,0,2.0,0.5,2.3774437510817346,0.0015849625007211,3,3,0.1320802083934297,4.754887502163469
126,L10864,websocket,routing.APIRouter.websocket~Fn,L10770,L103,/content/fastapi/fastapi/routing.py,756,5,769,24,0,0,0,8,9,1,0,0,0,0,1,4,0,0,13,14,3,0,0,0,0,0,0,0,0,0,0,0.0,0.0,0.0,0.0,0,0,0.0,0.0
127,L10872,websocket_route,routing.APIRouter.websocket_route~Fn,L10770,L103,/content/fastapi/fastapi/routing.py,771,5,778,24,0,0,0,4,5,1,0,0,0,0,1,3,0,0,7,8,3,0,0,0,0,0,0,0,0,0,0,0.0,0.0,0.0,0.0,0,0,0.0,0.0
128,L10878,include_router,routing.APIRouter.include_router~Fn,L10770,L103,/content/fastapi/fastapi/routing.py,780,5,899,55,0,1,0,120,120,26,0,0,0,2,47,11,0,1,120,120,47,0,0,5,0,0,2,1,0,0,4,53.563522809337215,6.545454545454546,963.1548804109892,0.049049554095004,36,17,53.50860446727719,147.14866228501225
129,L10890,get,routing.APIRouter.get~Fn,L10770,L103,/content/fastapi/fastapi/routing.py,901,5,955,9,0,0,0,55,55,1,0,0,0,1,1,24,0,0,55,55,1,0,0,1,0,0,1,0,0,0,1,0.0,0.0,0.0,0.0,0,0,0.0,0.0
130,L10916,put,routing.APIRouter.put~Fn,L10770,L103,/content/fastapi/fastapi/routing.py,957,5,1011,9,0,0,0,55,55,1,0,0,0,1,1,24,0,0,55,55,1,0,0,1,0,0,1,0,0,0,1,0.0,0.0,0.0,0.0,0,0,0.0,0.0
131,L10941,post,routing.APIRouter.post~Fn,L10770,L103,/content/fastapi/fastapi/routing.py,1013,5,1067,9,0,0,0,55,55,1,0,0,0,1,1,24,0,0,55,55,1,0,0,1,0,0,1,0,0,0,1,0.0,0.0,0.0,0.0,0,0,0.0,0.0
132,L10966,delete,routing.APIRouter.delete~Fn,L10770,L103,/content/fastapi/fastapi/routing.py,1069,5,1123,9,0,0,0,55,55,1,0,0,0,1,1,24,0,0,55,55,1,0,0,1,0,0,1,0,0,0,1,0.0,0.0,0.0,0.0,0,0,0.0,0.0
133,L10991,options,routing.APIRouter.options~Fn,L10770,L103,/content/fastapi/fastapi/routing.py,1125,5,1179,9,0,0,0,55,55,1,0,0,0,1,1,24,0,0,55,55,1,0,0,1,0,0,1,0,0,0,1,0.0,0.0,0.0,0.0,0,0,0.0,0.0
134,L11016,head,routing.APIRouter.head~Fn,L10770,L103,/content/fastapi/fastapi/routing.py,1181,5,1235,9,0,0,0,55,55,1,0,0,0,1,1,24,0,0,55,55,1,0,0,1,0,0,1,0,0,0,1,0.0,0.0,0.0,0.0,0,0,0.0,0.0
135,L11041,patch,routing.APIRouter.patch~Fn,L10770,L103,/content/fastapi/fastapi/routing.py,1237,5,1291,9,0,0,0,55,55,1,0,0,0,1,1,24,0,0,55,55,1,0,0,1,0,0,1,0,0,0,1,0.0,0.0,0.0,0.0,0,0,0.0,0.0
136,L11066,trace,routing.APIRouter.trace~Fn,L10770,L103,/content/fastapi/fastapi/routing.py,1293,5,1347,9,0,0,0,55,55,1,0,0,0,1,1,24,0,0,55,55,1,0,0,1,0,0,1,0,0,0,1,0.0,0.0,0.0,0.0,0,0,0.0,0.0
137,L11091,on_event,routing.APIRouter.on_event~Fn,L10770,L103,/content/fastapi/fastapi/routing.py,1349,5,1356,24,0,0,0,4,5,1,0,0,0,0,1,2,0,0,7,8,3,0,0,0,0,0,0,0,0,0,0,0.0,0.0,0.0,0.0,0,0,0.0,0.0
138,L11109,__init__,api_key.APIKeyQuery.__init__~Fn,L11105,L103,/content/fastapi/fastapi/security/api_key.py,15,5,29,36,0,1,0,15,15,2,0,0,0,0,3,5,0,1,15,15,3,0,0,0,0,0,0,0,0,0,0,2.0,0.5,2.3774437510817346,0.0015849625007211,3,3,0.1320802083934297,4.754887502163469
139,L11117,__call__,api_key.APIKeyQuery.__call__~Fn,L11105,L103,/content/fastapi/fastapi/security/api_key.py,31,5,40,22,0,0,0,10,10,3,0,0,0,0,6,2,0,0,10,10,6,0,0,0,0,0,0,0,0,0,0,0.0,0.5,1.0,0.0006666666666666,2,2,0.0555555555555555,2.0
140,L11122,__init__,api_key.APIKeyHeader.__init__~Fn,L11120,L103,/content/fastapi/fastapi/security/api_key.py,44,5,58,36,0,1,0,15,15,2,0,0,0,0,3,5,0,1,15,15,3,0,0,0,0,0,0,0,0,0,0,2.0,0.5,2.3774437510817346,0.0015849625007211,3,3,0.1320802083934297,4.754887502163469
141,L11130,__call__,api_key.APIKeyHeader.__call__~Fn,L11120,L103,/content/fastapi/fastapi/security/api_key.py,60,5,69,22,0,0,0,10,10,3,0,0,0,0,6,2,0,0,10,10,6,0,0,0,0,0,0,0,0,0,0,0.0,0.5,1.0,0.0006666666666666,2,2,0.0555555555555555,2.0
142,L11135,__init__,api_key.APIKeyCookie.__init__~Fn,L11133,L103,/content/fastapi/fastapi/security/api_key.py,73,5,87,36,0,1,0,15,15,2,0,0,0,0,3,5,0,1,15,15,3,0,0,0,0,0,0,0,0,0,0,2.0,0.5,2.3774437510817346,0.0015849625007211,3,3,0.1320802083934297,4.754887502163469
143,L11143,__call__,api_key.APIKeyCookie.__call__~Fn,L11133,L103,/content/fastapi/fastapi/security/api_key.py,89,5,98,22,0,0,0,10,10,3,0,0,0,0,6,2,0,0,10,10,6,0,0,0,0,0,0,0,0,0,0,0.0,0.5,1.0,0.0006666666666666,2,2,0.0555555555555555,2.0
144,L11166,__init__,http.HTTPBase.__init__~Fn,L11164,L103,/content/fastapi/fastapi/security/http.py,26,5,36,36,0,0,0,11,11,2,0,0,0,0,3,5,0,0,11,11,3,0,0,0,0,0,0,0,0,0,0,2.0,0.5,2.3774437510817346,0.0015849625007211,3,3,0.1320802083934297,4.754887502163469
145,L11174,__call__,http.HTTPBase.__call__~Fn,L11164,L103,/content/fastapi/fastapi/security/http.py,38,5,50,83,0,0,0,13,13,5,0,0,0,0,7,2,0,0,13,13,7,0,0,0,0,0,0,0,0,0,0,20.264662506490406,1.5,42.793987519471216,0.0095097750043269,9,9,2.377443751081734,28.529325012980813
146,L11181,__init__,http.HTTPBasic.__init__~Fn,L11179,L103,/content/fastapi/fastapi/security/http.py,54,5,65,36,0,0,0,12,12,2,0,0,0,0,4,5,0,0,12,12,4,0,0,0,0,0,0,0,0,0,0,2.0,0.5,2.3774437510817346,0.0015849625007211,3,3,0.1320802083934297,4.754887502163469
147,L11189,__call__,http.HTTPBasic.__call__~Fn,L11179,L103,/content/fastapi/fastapi/security/http.py,67,5,97,73,0,1,0,31,31,7,0,0,0,0,17,2,0,1,31,31,17,0,0,0,0,0,0,0,0,0,0,20.264662506490406,1.5,42.793987519471216,0.0095097750043269,9,9,2.377443751081734,28.529325012980813
148,L11196,__init__,http.HTTPBearer.__init__~Fn,L11194,L103,/content/fastapi/fastapi/security/http.py,101,5,111,36,0,0,0,11,11,2,0,0,0,0,3,5,0,0,11,11,3,0,0,0,0,0,0,0,0,0,0,2.0,0.5,2.3774437510817346,0.0015849625007211,3,3,0.1320802083934297,4.754887502163469
149,L11204,__call__,http.HTTPBearer.__call__~Fn,L11194,L103,/content/fastapi/fastapi/security/http.py,113,5,133,83,0,0,0,21,21,7,0,0,0,0,11,2,0,0,21,21,11,0,0,0,0,0,0,0,0,0,0,20.264662506490406,1.5,42.793987519471216,0.0095097750043269,9,9,2.377443751081734,28.529325012980813
150,L11209,__init__,http.HTTPDigest.__init__~Fn,L11207,L103,/content/fastapi/fastapi/security/http.py,137,5,146,36,0,0,0,10,10,2,0,0,0,0,3,4,0,0,10,10,3,0,0,0,0,0,0,0,0,0,0,2.0,0.5,2.3774437510817346,0.0015849625007211,3,3,0.1320802083934297,4.754887502163469
151,L11216,__call__,http.HTTPDigest.__call__~Fn,L11207,L103,/content/fastapi/fastapi/security/http.py,148,5,165,83,0,0,0,18,18,6,0,0,0,0,9,2,0,0,18,18,9,0,0,0,0,0,0,0,0,0,0,20.264662506490406,1.5,42.793987519471216,0.0095097750043269,9,9,2.377443751081734,28.529325012980813
152,L11225,__init__,oauth2.OAuth2PasswordRequestForm.__init__~Fn,L11222,L103,/content/fastapi/fastapi/security/oauth2.py,49,5,64,42,0,0,0,16,16,1,0,0,0,0,6,7,0,0,16,16,6,0,0,1,0,0,1,0,0,0,1,2.0,0.5,2.3774437510817346,0.0015849625007211,3,3,0.1320802083934297,4.754887502163469
153,L11238,__init__,oauth2.OAuth2PasswordRequestFormStrict.__init__~Fn,L11235,L103,/content/fastapi/fastapi/security/oauth2.py,100,5,116,9,0,0,0,17,17,1,0,0,0,0,1,7,0,0,17,17,1,0,0,1,0,0,1,0,0,0,1,2.0,0.5,2.3774437510817346,0.0015849625007211,3,3,0.1320802083934297,4.754887502163469
154,L11250,__init__,oauth2.OAuth2.__init__~Fn,L11248,L103,/content/fastapi/fastapi/security/oauth2.py,120,5,132,36,0,0,0,13,13,2,0,0,0,0,3,5,0,0,13,13,3,0,0,0,0,0,0,0,0,0,0,2.0,0.5,2.3774437510817346,0.0015849625007211,3,3,0.1320802083934297,4.754887502163469
155,L11258,__call__,oauth2.OAuth2.__call__~Fn,L11248,L103,/content/fastapi/fastapi/security/oauth2.py,134,5,143,28,0,0,0,10,10,3,0,0,0,0,6,2,0,0,10,10,6,0,0,0,0,0,0,0,0,0,0,16.36452797660028,1.5,36.0,0.008,8,8,2.0,24.0
156,L11263,__init__,oauth2.OAuth2PasswordBearer.__init__~Fn,L11261,L103,/content/fastapi/fastapi/security/oauth2.py,147,5,165,9,0,0,0,19,19,2,0,0,0,0,4,6,0,0,19,19,4,0,0,1,0,0,0,0,0,0,1,2.0,0.5,2.3774437510817346,0.0015849625007211,3,3,0.1320802083934297,4.754887502163469
157,L11272,__call__,oauth2.OAuth2PasswordBearer.__call__~Fn,L11261,L103,/content/fastapi/fastapi/security/oauth2.py,167,5,179,20,0,0,0,13,13,4,0,0,0,0,7,2,0,0,13,13,7,0,0,0,0,0,0,0,0,0,0,16.36452797660028,1.5,36.0,0.008,8,8,2.0,24.0
158,L11277,__init__,oauth2.OAuth2AuthorizationCodeBearer.__init__~Fn,L11275,L103,/content/fastapi/fastapi/security/oauth2.py,183,5,211,9,0,0,0,29,29,2,0,0,0,0,4,8,0,0,29,29,4,0,0,1,0,0,1,0,0,0,1,2.0,0.5,2.3774437510817346,0.0015849625007211,3,3,0.1320802083934297,4.754887502163469
159,L11288,__call__,oauth2.OAuth2AuthorizationCodeBearer.__call__~Fn,L11275,L103,/content/fastapi/fastapi/security/oauth2.py,213,5,225,20,0,1,0,13,13,4,0,0,0,0,7,2,0,1,13,13,7,0,0,0,0,0,0,0,0,0,0,16.36452797660028,1.5,36.0,0.008,8,8,2.0,24.0
160,L11293,__init__,oauth2.SecurityScopes.__init__~Fn,L11291,L103,/content/fastapi/fastapi/security/oauth2.py,229,5,231,46,0,0,0,3,3,2,0,0,0,0,2,2,0,0,3,3,2,0,0,0,0,0,0,0,0,0,0,2.0,0.5,2.3774437510817346,0.0015849625007211,3,3,0.1320802083934297,4.754887502163469
161,L11303,__init__,open_id_connect_url.OpenIdConnect.__init__~Fn,L11301,L103,/content/fastapi/fastapi/security/open_id_connect_url.py,11,5,23,36,0,0,0,13,13,2,0,0,0,0,3,5,0,0,13,13,3,0,0,0,0,0,0,0,0,0,0,2.0,0.5,2.3774437510817346,0.0015849625007211,3,3,0.1320802083934297,4.754887502163469
162,L11311,__call__,open_id_connect_url.OpenIdConnect.__call__~Fn,L11301,L103,/content/fastapi/fastapi/security/open_id_connect_url.py,25,5,34,28,0,0,0,10,10,3,0,0,0,0,6,2,0,0,10,10,6,0,0,0,0,0,0,0,0,0,0,0.0,0.5,1.0,0.0006666666666666,2,2,0.0555555555555555,2.0
163,L11868,__init__,test_custom_middleware_exception.ContentSizeLimitMiddleware.__init__~Fn,L11865,L103,/content/fastapi/tests/test_custom_middleware_exception.py,20,5,22,48,0,0,0,3,3,1,0,0,0,0,2,3,0,0,3,3,2,0,0,0,0,0,0,0,0,0,0,0.0,0.0,0.0,0.0,0,0,0.0,0.0
164,L11874,receive_wrapper,test_custom_middleware_exception.ContentSizeLimitMiddleware.receive_wrapper~Fn,L11865,L103,/content/fastapi/tests/test_custom_middleware_exception.py,24,5,46,20,0,0,0,3,5,1,0,0,0,0,2,2,0,1,20,23,11,0,0,0,0,0,0,0,0,0,0,16.36452797660028,1.8,48.6,0.009,9,8,2.7,27.0
165,L11878,__call__,test_custom_middleware_exception.ContentSizeLimitMiddleware.__call__~Fn,L11865,L103,/content/fastapi/tests/test_custom_middleware_exception.py,48,5,54,44,0,0,0,6,7,3,0,0,0,1,5,4,0,0,6,7,5,0,0,0,0,0,0,0,0,0,0,20.264662506490406,1.5,42.793987519471216,0.0095097750043269,9,9,2.377443751081734,28.529325012980813
166,L11991,render,test_default_response_class.ORJSONResponse.render~Fn,L11988,L103,/content/fastapi/tests/test_default_response_class.py,12,5,13,36,0,0,0,2,2,1,0,0,0,0,1,2,0,0,2,2,1,0,0,0,0,0,0,0,0,0,0,0.0,0.0,0.0,0.0,0,0,0.0,0.0
167,L12120,__call__,test_dependency_class.CallableDependency.__call__~Fn,L12118,L103,/content/fastapi/tests/test_dependency_class.py,11,5,12,20,0,0,0,2,2,1,0,0,0,0,1,2,0,0,2,2,1,0,0,0,0,0,0,0,0,0,0,0.0,0.0,0.0,0.0,0,0,0.0,0.0
168,L12127,__call__,test_dependency_class.CallableGenDependency.__call__~Fn,L12125,L103,/content/fastapi/tests/test_dependency_class.py,16,5,17,19,0,0,0,2,2,1,0,0,0,0,1,2,0,0,2,2,1,0,0,0,0,0,0,0,0,0,0,0.0,0.0,0.0,0.0,0,0,0.0,0.0
169,L12134,__call__,test_dependency_class.AsyncCallableDependency.__call__~Fn,L12132,L103,/content/fastapi/tests/test_dependency_class.py,21,5,22,20,0,0,0,2,2,1,0,0,0,0,1,2,0,0,2,2,1,0,0,0,0,0,0,0,0,0,0,0.0,0.0,0.0,0.0,0,0,0.0,0.0
170,L12141,__call__,test_dependency_class.AsyncCallableGenDependency.__call__~Fn,L12139,L103,/content/fastapi/tests/test_dependency_class.py,26,5,27,19,0,0,0,2,2,1,0,0,0,0,1,2,0,0,2,2,1,0,0,0,0,0,0,0,0,0,0,0.0,0.0,0.0,0.0,0,0,0.0,0.0
171,L12148,synchronous,test_dependency_class.MethodsDependency.synchronous~Fn,L12146,L103,/content/fastapi/tests/test_dependency_class.py,31,5,32,20,0,0,0,2,2,1,0,0,0,0,1,2,0,0,2,2,1,0,0,0,0,0,0,0,0,0,0,0.0,0.0,0.0,0.0,0,0,0.0,0.0
172,L12153,asynchronous,test_dependency_class.MethodsDependency.asynchronous~Fn,L12146,L103,/content/fastapi/tests/test_dependency_class.py,34,5,35,20,0,0,0,2,2,1,0,0,0,0,1,2,0,0,2,2,1,0,0,0,0,0,0,0,0,0,0,0.0,0.0,0.0,0.0,0,0,0.0,0.0
173,L12156,synchronous_gen,test_dependency_class.MethodsDependency.synchronous_gen~Fn,L12146,L103,/content/fastapi/tests/test_dependency_class.py,37,5,38,19,0,0,0,2,2,1,0,0,0,0,1,2,0,0,2,2,1,0,0,0,0,0,0,0,0,0,0,0.0,0.0,0.0,0.0,0,0,0.0,0.0
174,L12159,asynchronous_gen,test_dependency_class.MethodsDependency.asynchronous_gen~Fn,L12146,L103,/content/fastapi/tests/test_dependency_class.py,40,5,41,19,0,0,0,2,2,1,0,0,0,0,1,2,0,0,2,2,1,0,0,0,0,0,0,0,0,0,0,0.0,0.0,0.0,0.0,0,0,0.0,0.0
175,L12546,lower_username,app_pv1.ModelA.lower_username~Fn,L12541,L103,/content/fastapi/tests/test_filter_pydantic_sub_model/app_pv1.py,22,5,26,19,0,0,0,5,5,2,0,0,0,0,3,3,0,0,5,5,3,0,0,0,0,0,0,0,0,0,0,0.0,0.5,1.0,0.0006666666666666,2,2,0.0555555555555555,2.0
176,L12872,__init__,test_inherited_custom_class.MyUuid.__init__~Fn,L12870,L103,/content/fastapi/tests/test_inherited_custom_class.py,12,5,13,31,0,0,0,2,2,1,0,0,0,0,1,2,0,0,2,2,1,0,0,0,0,0,0,0,0,0,0,0.0,0.0,0.0,0.0,0,0,0.0,0.0
177,L12877,__str__,test_inherited_custom_class.MyUuid.__str__~Fn,L12870,L103,/content/fastapi/tests/test_inherited_custom_class.py,15,5,16,24,0,0,0,2,2,1,0,0,0,0,1,1,0,0,2,2,1,0,0,0,0,0,0,0,0,0,0,0.0,0.0,0.0,0.0,0,0,0.0,0.0
178,L12879,__class__,test_inherited_custom_class.MyUuid.__class__~Fn,L12870,L103,/content/fastapi/tests/test_inherited_custom_class.py,18,5,20,24,0,1,0,3,3,1,0,0,0,0,1,1,0,1,3,3,1,0,0,0,0,0,0,0,0,0,0,0.0,0.0,0.0,0.0,0,0,0.0,0.0
179,L12881,__dict__,test_inherited_custom_class.MyUuid.__dict__~Fn,L12870,L103,/content/fastapi/tests/test_inherited_custom_class.py,22,5,26,71,0,2,2,3,5,1,0,0,0,0,1,1,0,2,3,5,1,0,0,0,0,0,0,0,0,0,0,0.0,0.0,0.0,0.0,0,0,0.0,0.0
180,L12973,__init__,test_jsonable_encoder.Person.__init__~Fn,L12971,L103,/content/fastapi/tests/test_jsonable_encoder.py,18,5,19,24,0,0,0,2,2,1,0,0,0,0,1,2,0,0,2,2,1,0,0,0,0,0,0,0,0,0,0,0.0,0.0,0.0,0.0,0,0,0.0,0.0
181,L12980,__init__,test_jsonable_encoder.Pet.__init__~Fn,L12978,L103,/content/fastapi/tests/test_jsonable_encoder.py,23,5,25,24,0,0,0,3,3,1,0,0,0,0,2,3,0,0,3,3,2,0,0,0,0,0,0,0,0,0,0,0.0,0.0,0.0,0.0,0,0,0.0,0.0
182,L12992,__iter__,test_jsonable_encoder.DictablePerson.__iter__~Fn,L12990,L103,/content/fastapi/tests/test_jsonable_encoder.py,35,5,36,57,0,0,0,2,2,1,0,0,0,0,1,1,0,0,2,2,1,0,0,0,0,0,0,0,0,0,0,0.0,0.0,0.0,0.0,0,0,0.0,0.0
183,L12998,__iter__,test_jsonable_encoder.DictablePet.__iter__~Fn,L12996,L103,/content/fastapi/tests/test_jsonable_encoder.py,40,5,41,57,0,0,0,2,2,1,0,0,0,0,1,1,0,0,2,2,1,0,0,0,0,0,0,0,0,0,0,0.0,0.0,0.0,0.0,0,0,0.0,0.0
184,L13004,__iter__,test_jsonable_encoder.Unserializable.__iter__~Fn,L13002,L103,/content/fastapi/tests/test_jsonable_encoder.py,45,5,46,35,0,0,0,2,2,1,0,0,0,0,1,1,0,0,2,2,1,0,0,0,0,0,0,0,0,0,0,0.0,0.0,0.0,0.0,0,0,0.0,0.0
185,L13008,__dict__,test_jsonable_encoder.Unserializable.__dict__~Fn,L13002,L103,/content/fastapi/tests/test_jsonable_encoder.py,48,5,50,35,0,0,0,3,3,1,0,0,0,0,1,1,0,0,3,3,1,0,0,0,0,0,0,0,0,0,0,0.0,0.0,0.0,0.0,0,0,0.0,0.0
